query_id	image_path
q-000001	eval_photo_001.webp
q-000002	eval_photo_002.webp
q-000003	eval_photo_003.webp
q-000004	eval_photo_004.webp
q-000005	eval_photo_005.webp
q-000006	eval_photo_006.webp
q-000007	eval_photo_007.webp
q-000008	eval_photo_008.webp
q-000009	eval_photo_009.webp
q-000010	eval_photo_010.webp
q-000011	eval_photo_011.webp
q-000012	eval_photo_012.webp
q-000013	eval_photo_013.webp
q-000014	eval_photo_014.webp
q-000015	eval_photo_015.webp
q-000016	eval_photo_016.webp
q-000017	eval_photo_017.webp
q-000018	eval_photo_018.webp
q-000019	eval_photo_019.webp
q-000020	eval_photo_020.webp
q-000021	eval_photo_021.webp
q-000022	eval_photo_022.webp
q-000023	eval_photo_023.webp
q-000024	eval_photo_024.webp
q-000025	eval_photo_025.webp
q-000026	eval_photo_026.webp
q-000027	eval_photo_027.webp
q-000028	eval_photo_028.webp
q-000029	eval_photo_029.webp
q-000030	eval_photo_030.webp
q-000031	eval_photo_031.webp
q-000032	eval_photo_032.webp
q-000033	eval_photo_033.webp
q-000034	eval_photo_034.webp
q-000035	eval_photo_035.webp
q-000036	eval_photo_036.webp
q-000037	eval_photo_037.webp
q-000038	eval_photo_038.webp
q-000039	eval_photo_039.webp
q-000040	eval_photo_040.webp
q-000041	eval_photo_041.webp
q-000042	eval_photo_042.webp
q-000043	eval_photo_043.webp
q-000044	eval_photo_044.webp
q-000045	eval_photo_045.webp
q-000046	eval_photo_046.webp
q-000047	eval_photo_047.webp
q-000048	eval_photo_048.webp
q-000049	eval_photo_049.webp
q-000050	eval_photo_050.webp
q-000051	eval_photo_051.webp
q-000052	eval_photo_052.webp
q-000053	eval_photo_053.webp
q-000054	eval_photo_054.webp
q-000055	eval_photo_055.webp
q-000056	eval_photo_056.webp
q-000057	eval_photo_057.webp
q-000058	eval_photo_058.webp
q-000059	eval_photo_059.webp
q-000060	eval_photo_060.webp
q-000061	eval_photo_061.webp
q-000062	eval_photo_062.webp
q-000063	eval_photo_063.webp
q-000064	eval_photo_064.webp
q-000065	eval_photo_065.webp
q-000066	eval_photo_066.webp
q-000067	eval_photo_067.webp
q-000068	eval_photo_068.webp
q-000069	eval_photo_069.webp
q-000070	eval_photo_070.webp
q-000071	eval_photo_071.webp
q-000072	eval_photo_072.webp
q-000073	eval_photo_073.webp
q-000074	eval_photo_074.webp
q-000075	eval_photo_075.webp
q-000076	eval_photo_076.webp
q-000077	eval_photo_077.webp
q-000078	eval_photo_078.webp
q-000079	eval_photo_079.webp
q-000080	eval_photo_080.webp
q-000081	eval_photo_081.webp
q-000082	eval_photo_082.webp
q-000083	eval_photo_083.webp
q-000084	eval_photo_084.webp
q-000085	eval_photo_085.webp
q-000086	eval_photo_086.webp
q-000087	eval_photo_087.webp
q-000088	eval_photo_088.webp
q-000089	eval_photo_089.webp
q-000090	eval_photo_090.webp
q-000091	eval_photo_091.webp
q-000092	eval_photo_092.webp
q-000093	eval_photo_093.webp
q-000094	eval_photo_094.webp
q-000095	eval_photo_095.webp
q-000096	eval_photo_096.webp
q-000097	eval_photo_097.webp
q-000098	eval_photo_098.webp
q-000099	eval_photo_099.webp
q-000100	eval_photo_100.webp
